ジャンル,HTML名,タイトル
CoC,巡る妖精.html,巡る妖精
CoC,理不尽スケベ密室.html,理不尽スケベ密室
CoC,理不尽スケベの館.html,理不尽スケベの館
CoC,あの夏、お姉様と湖のほとりで.html,あの夏、お姉様と湖のほとりで
CoC,誰がロックを殺すのか.html,誰がロックを殺すのか
シノビガミ,甘美.html,甘美の行方
シノビガミ,箱庭.html,箱庭の綺語
シノビガミ,君に歌う詩_完成.html,君に歌う詩
シノビガミ,出口なし.html,出口なし
シノビガミ,あらいぶっ！.html,アイドルあらいぶっ！
シノビガミ,首刈桜.html,首刈桜
シノビガミ,義有りて刃鳴散らし、情有りて花に捧ぐ[改]整形.html,義有りて刃鳴散らし、情有りて花に捧ぐ
シノビガミ,花散らす、風のやどりは誰かしる.html,花散らす、風のやどりは誰かしる
シノビガミ,楽園.html,楽園
シノビガミ,シノビガミ『夢見る決戦兵器』ログ.html,夢見る決戦兵器
シノビガミ,断罪部屋.html,断罪
シノビガミ,黄昏夜見路行.html,黄昏夜見路行マジックアワー
シノビガミ,刀光剣影.html,刀光剣影
シノビガミ,竜騰虎闘.html,竜騰虎闘
シノビガミ,カナリア.html,カナリア
シノビガミ,志操堅固.html,志操堅固
シノビガミ,運命の歯車は狂わない_BadEnd.html,運命の歯車は狂わない_BadEnd
シノビガミ,運命の歯車は狂わない_TrueEnd.html,運命の歯車は狂わない_TrueEnd
シノビガミ,桜咲く頃.html,桜咲く頃
シノビガミ,誰が、愛に生ける_sideS_閲覧用.html,誰が、愛に生ける_sideS
シノビガミ,誰が、愛に生ける_sideN_閲覧用.html,誰が、愛に生ける_sideN
シノビガミ,朝晨星_あげ03.html,朝晨星
その他TRPG,ネクロニカ『あぁ、私は、なんて、嘘つき』.html,ネクロニカ『あぁ、私は、なんて、嘘つき』
その他TRPG,フィアスコ.html,フィアスコ
その他TRPG,アマデウス『Trick or Treat !!』.html,アマデウス『Trick or Treat !!』
その他TRPG,スタリィドール『狩りの国』.html,スタリィドール『狩りの国』
その他TRPG,モノミュ『恐怖のからくり実験博士!』.html,モノミュ『恐怖のからくり実験博士!』
歯車の塔のスカイノーツ,Msクラウドクライマー.html,Msクラウドクライマー
歯車の塔のスカイノーツ,ジョン・スミスの遺言.html,ジョン・スミスの遺言
歯車の塔のスカイノーツ,さよならを言いに来たVer.SN(チャットログ).html,さよならを言いに来た
歯車の塔のスカイノーツ,翡翠色の乙女を追え！.html,翡翠色の乙女を追え！
ナイトウィザード,ラブソング探して.html,ラブソング探して
ナイトウィザード,The_3rd_Seal .html,The_3rd_Seal
片道勇者TRPG,01_マーティンとジュノ.html,01_マーティンとジュノ
片道勇者TRPG,02_アルフとジュノ.html,02_アルフとジュノ
片道勇者TRPG,03_アルフとジュノとソール.html,03_アルフとジュノとソール
片道勇者TRPG,04_マーティンとブラッドストーン.html,04_マーティンとブラッドストーン
片道勇者TRPG,05_アルフとキャロルとアレクサンダー.html,05_アルフとキャロルとアレクサンダー
片道勇者TRPG,06_ハセベとブラッドストーン.html,06_ハセベとブラッドストーン
片道勇者TRPG,07_ユーノとブラックアーチャー.html,07_ユーノとブラックアーチャー
片道勇者TRPG,08_テツハチベエとマーティンとニック.html,08_テツハチベエとマーティンとニック
片道勇者TRPG,09_ブライアンとトムリック.html,09_ブライアンとトムリック
片道勇者TRPG,10_ローゼスとルカリオとブラッドストーン.html,10_ローゼスとルカリオとブラッドストーン
片道勇者TRPG,11_ユーノとヒヒイロ.html,11_ユーノとヒヒイロ
片道勇者TRPG,12_アルフとユーノ.html,12_アルフとユーノ
片道勇者TRPG,13_ダディアとアルフとアスラ.html,13_ダディアとアルフとアスラ
片道勇者TRPG,14_ハセベとヒヒイロ.html,14_ハセベとヒヒイロ
片道勇者TRPG,15_ヒヒイロとペインカイザー.html,15_ヒヒイロとペインカイザー
片道勇者TRPG,16_ジュリとリンクとアスラ.html,16_ジュリとリンクとアスラ
片道勇者TRPG,17_ツキヨミとエイノック.html,17_ツキヨミとエイノック
片道勇者TRPG,18_アイリスとクルルとフニオ.html,18_アイリスとクルルとフニオ
片道勇者TRPG,19_サンストーンとルシフ.html,19_サンストーンとルシフ
片道勇者TRPG,20_イシルとライチュウ.html,20_イシルとライチュウ
片道勇者TRPG,21_エイノックとダンテとヒヒイロ.html,21_エイノックとダンテとヒヒイロ
片道勇者TRPG,22_マッキーとナナチとチノ.html,22_マッキーとナナチとチノ
片道勇者TRPG,23(END)_ユーセイとシフ子とヒヒイロ.html,23(END)_ユーセイとシフ子とヒヒイロ
フタリソウサ,ペロッ！これは青酸カリ！！（全ログ）.html,ペロッ！これは青酸カリ！！
フタリソウサ,山の死体_1回目（全ログ）.html,山の死体_1回目
フタリソウサ,山の死体_2回目（全ログ）.html,山の死体_2回目
フタリソウサ,死体の山（main）.html,死体の山
フタリソウサ,箱の中の猫[all].html,箱の中の猫
シノビガミ,ダンザイ.html,ダンザイ
ナイトウィザード,NW3rd20230730.html,ミライテイル
シノビガミ,朝晨星_紅織.html,朝晨星『紅』
シノビガミ,夜.html,夜に灯りを、君には陽だまりを
シノビガミ,『厳正なる抽選の結果とか関係なくない？』.html,厳正なる抽選の結果とか関係なくない？
ナイトウィザード,異界スマホ.html,異界からの着信
シノビガミ,遺産相続.html,遺産相続
シノビガミ,『命にふさわしい』.html,命にふさわしい
その他TRPG,アマテラスvol.1.html,アマデウス『アマテラスは引きこもりたい』
その他TRPG,アマテラスvol.2.html,アマデウス『アマテラスは引きこもりたい@2』
シノビガミ,その涙は誰のもの？.html,その涙は誰のもの？
シノビガミ,緋色の死兆星.html,緋色の死兆星
シノビガミ,クトゥルフ(忍神).html,クトゥルフ(忍神)
シノビガミ,双忍相対.html,双忍相対
その他TRPG,渋谷ラビリンス.html,アマデウス『渋谷ラビリンス』
シノビガミ,灰燼に帰す.html,灰燼に帰す
